{
  "overall": {
    "tp": 11137,
    "fp": 3567,
    "fn": 63965,
    "precision": 0.7574129488574538,
    "recall": 0.14829165668024819,
    "mAP50_proxy": 0.11231802097714391
  },
  "by_size": {
    "small": {
      "tp": 2267,
      "fp": 698,
      "fn": 48570,
      "precision": 0.7645868465430017,
      "recall": 0.0445935047308063,
      "AP50_proxy": 0.03597632570275369
    },
    "medium": {
      "tp": 7318,
      "fp": 1927,
      "fn": 14538,
      "precision": 0.7915630070308275,
      "recall": 0.33482796486090777,
      "AP50_proxy": 0.26426564353452575
    },
    "large": {
      "tp": 1552,
      "fp": 942,
      "fn": 857,
      "precision": 0.6222935044105854,
      "recall": 0.6442507264425072,
      "AP50_proxy": 0.38134139109030174
    }
  },
  "class_agnostic": true
}