{
  "small_object_coverage": {
    "horizon": {
      "covered_objects": 18806,
      "total_objects": 26586,
      "coverage_ratio": 0.7073647784548258,
      "roi_area_ratio": 0.4500000000000001,
      "efficiency_score": 1.5719217298996124
    },
    "center": {
      "covered_objects": 14532,
      "total_objects": 26586,
      "coverage_ratio": 0.5466034755134281,
      "roi_area_ratio": 0.36,
      "efficiency_score": 1.5183429875373005
    },
    "uncertain": {
      "covered_objects": 23897,
      "total_objects": 26586,
      "coverage_ratio": 0.8988565410366358,
      "roi_area_ratio": 0.6300000000000001,
      "efficiency_score": 1.426756414343866
    },
    "density": {
      "covered_objects": 24899,
      "total_objects": 26586,
      "coverage_ratio": 0.9365455502896262,
      "roi_area_ratio": 0.7750000000000002,
      "efficiency_score": 1.2084458713414528
    }
  },
  "missed_small_object_coverage": {
    "horizon": {
      "covered_objects": 17281,
      "total_objects": 23917,
      "coverage_ratio": 0.722540452397876,
      "roi_area_ratio": 0.45000000000000007,
      "efficiency_score": 1.6056454497730575
    },
    "center": {
      "covered_objects": 12847,
      "total_objects": 23917,
      "coverage_ratio": 0.5371493080235815,
      "roi_area_ratio": 0.36,
      "efficiency_score": 1.4920814111766154
    },
    "uncertain": {
      "covered_objects": 21609,
      "total_objects": 23917,
      "coverage_ratio": 0.9034996027929925,
      "roi_area_ratio": 0.63,
      "efficiency_score": 1.4341263536396707
    },
    "density": {
      "covered_objects": 22432,
      "total_objects": 23917,
      "coverage_ratio": 0.9379102730275536,
      "roi_area_ratio": 0.7750000000000001,
      "efficiency_score": 1.2102068039065206
    }
  }
}