{
  "size_counts": {
    "medium": 11105,
    "small": 26586,
    "large": 1068
  },
  "border": {
    "near_border_threshold_px": 32,
    "near_border_objects": 4460,
    "near_border_ratio": 0.11507004824685879,
    "mean_distance_to_border_px": 163.97126025613406
  }
}